{
  "awsConfig": null,
  "compressSocket": false,
  "compressStatic": false,
  "cssTheme": "foundry",
  "dataPath": "/data",
  "fullscreen": false,
  "hostname": null,
  "hotReload": false,
  "language": "en.core",
  "localHostname": null,
  "passwordSalt": null,
  "port": 30000,
  "protocol": null,
  "proxyPort": null,
  "proxySSL": false,
  "routePrefix": null,
  "sslCert": null,
  "sslKey": null,
  "telemetry": false,
  "updateChannel": "release",
  "upnp": false,
  "upnpLeaseDuration": null,
  "world": "stage-manager"
}
